{"0": {"precision": 0.9901506373117034, "recall": 0.6041919191919192, "f1-score": 0.7504548020826799, "support": 19800.0}, "1": {"precision": 0.010229856024248548, "recall": 0.405, "f1-score": 0.019955654101995565, "support": 200.0}, "accuracy": 0.6022, "macro avg": {"precision": 0.500190246667976, "recall": 0.5045959595959596, "f1-score": 0.3852052280923377, "support": 20000.0}, "weighted avg": {"precision": 0.9803514294988288, "recall": 0.6022, "f1-score": 0.7431498106028731, "support": 20000.0}}